Symbol,Name,SectorCode,Market Cap,Shares,EBITDA,FreeCashFlow,EquityValue,DebtValue
MMM,3M Company,3,138721000000.00,72615747.00,9048000000.00,265205633.00,16185323849.00,122536000000.00
AOS,A.O. Smith Corp,3,10783419933.00,3689049.00,601000000.00,290892728.00,222228312.00,10561191621.00
ABT,Abbott Laboratories,5,102121000000.00,649942.00,5744000000.00,555392401.00,36572236.00,102084000000.00
ABBV,AbbVie Inc.,5,181386000000.00,18387388.00,10310000000.00,1681684503.00,1994663850.00,179392000000.00
ACN,Accenture plc,1,98765855553.00,32146620.00,5643228000.00,2010389999.00,4838387776.00,93927467777.00
ATVI,Activision Blizzard,1,52518668144.00,2649761.00,2704000000.00,741610886.00,174433767.00,52344234377.00
ADBE,Adobe Systems Inc,1,94550214268.00,11999472.00,2538040000.00,74978029.00,2221822236.00,92328392032.00
AAP,Advance Auto Parts,8,8123611867.00,34729258.00,853941000.00,280507902.00,3807368555.00,4316243312.00
AMD,Advanced Micro Devices Inc,1,11191663795.00,1800.00,339000000.00,19942445.00,20196.00,11191643599.00
AES,AES Corp,9,6920851212.00,1737269.00,3001000000.00,1038325838.00,17476926.00,6903374286.00
AET,Aetna Inc,5,59197016353.00,56515737.00,4139000000.00,1160943028.00,10059801186.00,49137215167.00
AFL,AFLAC Inc,2,33422948000.00,74884191.00,7460337346.00,899903864.00,6234108901.00,27188839099.00
A,Agilent Technologies Inc,5,21984606918.00,4976503.00,1094000000.00,243967709.00,323721520.00,21660885398.00
APD,Air Products & Chemicals Inc,7,34638387128.00,86178695.00,2542500000.00,271381333.00,13168104596.00,21470282532.00
AKAM,Akamai Technologies Inc,1,10906904066.00,3436470.00,789517000.00,288134230.00,214745010.00,10692159056.00
ALK,Alaska Air Group Inc,3,7903173734.00,54891429.00,1665000000.00,60681743.00,3515247113.00,4387926621.00
ALB,Albemarle Corp,7,11782151266.00,22870488.00,686030000.00,317739485.00,2405517928.00,9376633338.00
ARE,Alexandria Real Estate Equities Inc,4,12043374429.00,9453001.00,1645617272.00,883861776.00,1083124855.00,10960249574.00
ALXN,Alexion Pharmaceuticals,5,26172439795.00,8656082.00,1072000000.00,221105697.00,938925215.00,25233514580.00
ALGN,Align Technology,5,18788041378.00,11076452.00,380326000.00,14196007.00,2444683721.00,16343357657.00
ALLE,Allegion,3,7599609494.00,8697124.00,531800000.00,176400398.00,672461628.00,6927147866.00
LNT,Alliant Energy Corp,9,8670163500.00,3085650.00,1168400000.00,402600137.00,114601041.00,8555562459.00
ALL,Allstate Corp,2,34759468905.00,31785882.00,165811673.00,18481373.00,2862636533.00,31896832372.00
GOOGL,Alphabet Inc Class A,1,733824000000.00,712887602.00,34217000000.00,15313709007.00,718384000000.00,15440000726.00
GOOG,Alphabet Inc Class C,1,728536000000.00,553582785.00,32714000000.00,8680134828.00,554424000000.00,174111000000.00
MO,Altria Group Inc,6,126985000000.00,18004526.00,10773000000.00,1590408741.00,1153189890.00,125832000000.00
AMZN,Amazon.com Inc,8,685873000000.00,28089816.00,16132000000.00,1016942945.00,37935296508.00,647938000000.00
AEE,Ameren Corp,9,12905744906.00,6915662.00,2298000000.00,1080316369.00,363694665.00,12542050241.00
AAL,American Airlines Group,3,24594852352.00,19155847.00,5761000000.00,719600709.00,930974164.00,23663878188.00
AEP,American Electric Power,9,31701916517.00,4537598.00,4450800000.00,294609906.00,287592961.00,31414323556.00
AXP,American Express Co,2,80410990000.00,17079067.00,4214620559.00,2750886509.00,1508764779.00,78902225221.00
AIG,"American International Group, Inc.",2,54360073164.00,1907528.00,9102053276.00,5404287528.00,111170732.00,54248902432.00
AMT,American Tower Corp A,4,59213892640.00,12724028.00,3792383000.00,1307681213.00,1699548420.00,57514344220.00
AWK,American Water Works Company Inc,9,13906146184.00,7626298.00,1711000000.00,205726591.00,580056226.00,13326089958.00
AMP,Ameriprise Financial,2,23472126000.00,116003223.00,1575676851.00,1549826158.00,17690491508.00,5781634493.00
ABC,AmerisourceBergen Corp,5,20587704101.00,9661647.00,991884000.00,75943636.00,884523783.00,19703180318.00
AME,AMETEK Inc,3,17139651923.00,7672112.00,1025763000.00,38514841.00,552775670.00,16586876253.00
AMGN,Amgen Inc,5,128133000000.00,32334186.00,11945000000.00,2493150309.00,5597694280.00,122536000000.00
APH,Amphenol Corp,1,26955335395.00,6683475.00,1671700000.00,653394340.00,564352629.00,26390982766.00
APC,Anadarko Petroleum Corp,9,32129091747.00,15574448.00,3115000000.00,594866620.00,875283978.00,31253807769.00
ADI,"Analog Devices, Inc.",1,31811578855.00,9872937.00,1663384000.00,274350168.00,816294431.00,30995284424.00
ANDV,Andeavor,9,15696449735.00,31629233.00,2548000000.00,195190801.00,3064872678.00,12631577057.00
ANSS,ANSYS,1,13155919129.00,10463945.00,458515000.00,8529314.00,1557453574.00,11598465555.00
ANTM,Anthem Inc.,5,61221978627.00,172178118.00,8761958437.00,1457003052.00,39699108667.00,21522869960.00
AON,Aon plc,2,35123123422.00,30480433.00,1858000000.00,37002944.00,4146862910.00,30976260512.00
APA,Apache Corporation,9,15066280977.00,558007.00,3265000000.00,883279449.00,21053604.00,15045227373.00
AIV,Apartment Investment & Management,4,6156884142.00,4776250.00,874871000.00,387362292.00,182500513.00,5974383630.00
AAPL,Apple Inc.,1,809508000000.00,84660735.00,79386000000.00,37835419707.00,13135113035.00,796373000000.00
AMAT,Applied Materials Inc,1,51296481503.00,10300249.00,4336000000.00,1277840795.00,471236392.00,50825245111.00
APTV,Aptiv Plc,8,24906530300.00,6464203.00,2370000000.00,888699402.00,577059402.00,24329470898.00
ADM,Archer-Daniels-Midland Co,6,23594770663.00,5142092.00,2927000000.00,1260551634.00,212625504.00,23382145159.00
ARNC,Arconic Inc,3,12123300000.00,254057.00,1517000000.00,116472809.00,6211694.00,12117088306.00
AJG,Arthur J. Gallagher & Co.,2,11968488290.00,7770831.00,888000000.00,255786489.00,500441516.00,11468046774.00
AIZ,Assurant Inc,2,4653993594.00,23241743.00,8474318056.00,6281174512.00,1979266834.00,2674726760.00
T,AT&T Inc,1,226713000000.00,13946722.00,49653000000.00,8723712790.00,496084902.00,226217000000.00
ADP,Automatic Data Processing,1,50337702249.00,14204584.00,2767400000.00,1201378337.00,1537646218.00,48800056031.00
AVB,"AvalonBay Communities, Inc.",4,21856547430.00,54836861.00,1331579000.00,135200037.00,8496423243.00,13360124187.00
AVY,Avery Dennison Corp,7,10104814319.00,15580945.00,831200000.00,350391843.00,1725901278.00,8378913041.00
BLL,Ball Corp,7,13767688518.00,1589202.00,1317000000.00,225514861.00,61088925.00,13706599593.00
BAC,Bank of America Corp,2,321478000000.00,2821114.00,6583509206.00,4494169798.00,83899930.00,321394000000.00
BAX,Baxter International Inc.,5,35713732553.00,3212675.00,1832000000.00,323473271.00,200984948.00,35512747605.00
BBT,BB&T Corporation,2,42087562920.00,8605892.00,1710934996.00,783361395.00,439502904.00,41648060016.00
BDX,Becton Dickinson,5,50910180308.00,44129084.00,1537000000.00,385769760.00,9330653521.00,41579526787.00
BRK.B,Berkshire Hathaway,2,261401000000.00,61395307.00,9429376135.00,8921035215.00,11752289666.00,249649000000.00
BBY,Best Buy Co. Inc.,8,20831186176.00,13636311.00,2555000000.00,155319200.00,938041834.00,19893144342.00
HRB,Block H&R,2,5381433872.00,3935297.00,894754000.00,2962599.00,99130131.00,5282303741.00
BA,Boeing Company,3,205617000000.00,162716021.00,12476000000.00,1565665974.00,53640963483.00,151976000000.00
BWA,BorgWarner,8,11596117445.00,2018869.00,867900000.00,182525646.00,104860056.00,11491257389.00
BXP,Boston Properties,4,17799878487.00,18195219.00,1546846000.00,853533.00,2039502098.00,15760376389.00
BSX,Boston Scientific,5,36142506007.00,88200.00,1726000000.00,705355834.00,2222640.00,36140283367.00
BHF,Brighthouse Financial Inc,2,7066613254.00,60315192.00,9218701090.00,2574627859.00,3343874244.00,3722739010.00
BMY,Bristol-Myers Squibb,5,102507000000.00,7975444.00,5170000000.00,1910265828.00,499980584.00,102007000000.00
AVGO,Broadcom,1,92791974933.00,57752553.00,7016000000.00,3048762576.00,13258253592.00,79533721341.00
BF.B,Brown-Forman Corp.,6,5498033502.00,2906614.00,1139000000.00,454758916.00,184075865.00,5313957637.00
CHRW,C. H. Robinson Worldwide,3,12932483889.00,12422227.00,868096000.00,158127955.00,1123838877.00,11808645012.00
CA,"CA, Inc.",1,14175422936.00,4219344.00,1613000000.00,651148320.00,137803775.00,14037619161.00
CDNS,Cadence Design Systems,1,10890625200.00,799261.00,455607000.00,731340.00,29428790.00,10861196410.00
CPB,Campbell Soup,6,13467193376.00,8730371.00,1683000000.00,127472494.00,391382532.00,13075810844.00
COF,Capital One Financial,2,47637260000.00,26726582.00,250436796.00,37171624.00,2453500228.00,45183759772.00
CAH,Cardinal Health Inc.,5,20493281175.00,21902783.00,1913000000.00,474703639.00,1459382431.00,19033898744.00
KMX,Carmax Inc,8,11827453706.00,13139393.00,1339628000.00,454041128.00,845388546.00,10982065160.00
CCL,Carnival Corp.,8,49180044050.00,13672815.00,4711000000.00,1068405789.00,912797129.00,48267246921.00
CAT,Caterpillar Inc.,3,91822049046.00,8668586.00,8136000000.00,3618071570.00,1265526870.00,90556522176.00
CBOE,CBOE Holdings,2,12998295607.00,7196535.00,488406000.00,75443918.00,799894865.00,12198400742.00
CBG,CBRE Group,4,14440591731.00,4478180.00,1652961000.00,632570305.00,187725306.00,14252866425.00
CBS,CBS Corp.,8,20431395736.00,12079502.00,2841000000.00,1225158869.00,625718204.00,19805677532.00
CELG,Celgene Corp.,5,74921079154.00,24555509.00,5233000000.00,727627041.00,2235042429.00,72686036725.00
CNC,Centene Corporation,5,18012494506.00,16954121.00,2063000000.00,672152324.00,1701515584.00,16310978922.00
CNP,CenterPoint Energy,9,11362043297.00,1310188.00,2337000000.00,962161714.00,33868360.00,11328174937.00
CTL,CenturyLink Inc,1,18237196861.00,2250539.00,5577000000.00,825192324.00,36458732.00,18200738129.00
CERN,Cerner,5,21101697598.00,4158169.00,1523440000.00,298665013.00,254563106.00,20847134492.00
CF,CF Industries Holdings Inc,7,9209106695.00,756004.00,711000000.00,3010612.00,28319910.00,9180786785.00
SCHW,Charles Schwab Corporation,2,69750188843.00,2640141.00,5500964581.00,4559909235.00,129102895.00,69621085948.00
CHTR,Charter Communications,8,86708878113.00,72931451.00,14694000000.00,6854763280.00,25427550391.00,61281327722.00
CHK,Chesapeake Energy,9,2626102121.00,3864000.00,1470000000.00,313754928.00,10896480.00,2615205641.00
CVX,Chevron Corp.,9,218979000000.00,19791243.00,28877000000.00,9849898502.00,2222556589.00,216756000000.00
CMG,Chipotle Mexican Grill,8,7685283970.00,4640384.00,401293000.00,153281435.00,1234388548.00,6450895422.00
CB,Chubb Limited,2,68424670566.00,65782743.00,4853395618.00,1673451929.00,9235239290.00,59189431276.00
CHD,Church & Dwight,6,11838963451.00,5665422.00,868000000.00,183309621.00,268427694.00,11570535757.00
CI,CIGNA Corp.,5,47680910480.00,75248150.00,5363768282.00,2319403817.00,14242217351.00,33438693130.00
XEC,Cimarex Energy,9,10089082025.00,17629185.00,1061056000.00,313981990.00,1766268045.00,8322813980.00
CINF,Cincinnati Financial,2,11916533018.00,9086863.00,8559191598.00,8216420206.00,639169943.00,11277363075.00
CTAS,Cintas Corporation,3,16676145923.00,19970125.00,1097295000.00,248451403.00,2981939065.00,13694206858.00
CSCO,Cisco Systems,1,199426000000.00,4143856.00,15447000000.00,4522874861.00,160657297.00,199265000000.00
C,Citigroup Inc.,2,192709000000.00,16527967.00,6991061219.00,1686317072.00,1187864988.00,191521000000.00
CFG,Citizens Financial Group,2,22008050974.00,8601079.00,5508024093.00,552734542.00,362879523.00,21645171451.00
CTXS,Citrix Systems,1,13199167493.00,995935.00,810268000.00,335783733.00,84186386.00,13114981107.00
CME,CME Group Inc.,2,54423298745.00,56836628.00,2851800000.00,1094312635.00,8698277549.00,45725021196.00
CMS,CMS Energy,9,11873960824.00,3880593.00,2099000000.00,391953692.00,162092370.00,11711868454.00
KO,Coca-Cola Company (The),6,189855000000.00,2816623.00,8589000000.00,4042736678.00,121396451.00,189734000000.00
CTSH,Cognizant Technology Solutions,1,45119684067.00,8507415.00,2946000000.00,257110799.00,639417311.00,44480266756.00
CL,Colgate-Palmolive,6,61616643498.00,6544796.00,4064000000.00,1625885223.00,451263684.00,61165379814.00
CMCSA,Comcast Corp.,8,186477000000.00,9763786.00,28675000000.00,2236870290.00,372878987.00,186104000000.00
CMA,Comerica Inc.,2,16274969256.00,19497798.00,593621704.00,334120050.00,1738813626.00,14536155630.00
CAG,Conagra Brands,6,14379717835.00,2847000.00,1281200000.00,593052350.00,101040030.00,14278677805.00
CXO,Concho Resources,9,22021882339.00,18326740.00,2151190000.00,43656422.00,2567393007.00,19454489332.00
COP,ConocoPhillips,9,65482462410.00,474510.00,5328000000.00,1264242542.00,25262912.00,65457199498.00
ED,Consolidated Edison,9,23335777662.00,16437393.00,4288000000.00,1208436196.00,1228366379.00,22107411283.00
STZ,Constellation Brands,6,41697453163.00,58798134.00,3033300000.00,180278116.00,12272934510.00,29424518653.00
GLW,Corning Inc.,1,25759280346.00,1348997.00,2970000000.00,603020669.00,38378965.00,25720901381.00
COST,Costco Wholesale Corp.,6,80439804508.00,35442649.00,5679000000.00,2116869179.00,6330411538.00,74109392970.00
CCI,Crown Castle International Corp.,4,44183023189.00,4936420.00,2292600000.00,791827593.00,512449760.00,43670573429.00
CSRA,CSRA Inc.,1,5134501276.00,3733829.00,543000000.00,141296640.00,115188625.00,5019312651.00
CSX,CSX Corp.,3,47340511707.00,13963213.00,5003000000.00,443645548.00,704723360.00,46635788347.00
CMI,Cummins Inc.,3,28669230787.00,81043250.00,2924000000.00,103145571.00,13431297823.00,15237932965.00
CVS,CVS Health,6,75323141722.00,28025930.00,11704000000.00,77595055.00,1977229362.00,73345912361.00
DHI,D. R. Horton,8,17390873686.00,7452298.00,1691000000.00,213785529.00,331999876.00,17058873810.00
DHR,Danaher Corp.,5,66351150000.00,14224958.00,4339800000.00,668964720.00,1310972129.00,65040177871.00
DRI,Darden Restaurants,8,11745595320.00,15315462.00,997600000.00,491202260.00,1398761144.00,10346834176.00
DVA,DaVita Inc.,5,13685178000.00,15046861.00,2252294000.00,280797981.00,1082019775.00,12603158225.00
DE,Deere & Co.,3,52186628646.00,44092584.00,4053300000.00,1964498874.00,6775266457.00,45411362189.00
DAL,Delta Air Lines Inc.,3,38393603535.00,24404648.00,8348000000.00,1505897404.00,1250250117.00,37143353418.00
DVN,Devon Energy Corp.,9,19317380000.00,10060033.00,3723000000.00,1098875142.00,351497553.00,18965882447.00
DLR,Digital Realty Trust Inc,4,21400952517.00,13095009.00,1260662000.00,498707673.00,1295882091.00,20105070426.00
DFS,Discover Financial Services,2,27433540000.00,32290519.00,5419913391.00,945061613.00,2337833576.00,25095706424.00
DISCA,Discovery Communications-A,8,8763756733.00,4075018.00,2100000000.00,610761459.00,93195662.00,8670561071.00
DISCK,Discovery Communications-C,8,8320262123.00,4078766.00,2100000000.00,878214924.00,88019770.00,8232242353.00
DISH,Dish Network,8,21032719056.00,8324189.00,2754331000.00,1284390144.00,364349753.00,20668369303.00
DG,Dollar General,8,26580644874.00,19891076.00,2457604000.00,613549868.00,1891641328.00,24689003546.00
DLTR,Dollar Tree,8,25151198417.00,14364464.00,2430300000.00,351806314.00,1459142253.00,23692056164.00
D,Dominion Energy,9,47543571860.00,17627429.00,6428000000.00,1322701677.00,1292266820.00,46251305040.00
DOV,Dover Corp.,3,15566645713.00,20755341.00,1513291000.00,618067427.00,1996663804.00,13569981909.00
DWDP,DowDuPont,7,165203000000.00,2194091.00,5250000000.00,319776265.00,149658947.00,165054000000.00
DPS,Dr Pepper Snapple Group,6,21209783858.00,19979759.00,1507000000.00,241960862.00,2336233220.00,18873550638.00
DTE,DTE Energy Co.,9,17808073691.00,24828546.00,2790000000.00,1144491238.00,2445363496.00,15362710195.00
DUK,Duke Energy,9,52078185682.00,13884934.00,9895000000.00,4840735197.00,1031928295.00,51046257387.00
DRE,Duke Realty Corp,4,9035293365.00,1091431.00,529483000.00,953932.00,26761888.00,9008531477.00
DXC,DXC Technology,1,27408621020.00,1023506.00,1628000000.00,763334258.00,94080672.00,27314540348.00
ETFC,E*Trade,2,13754977266.00,4707859.00,6057292208.00,743023077.00,228237004.00,13526740262.00
EMN,Eastman Chemical,7,14226830813.00,77111433.00,2152000000.00,912091123.00,7215316786.00,7011514027.00
ETN,Eaton Corporation,3,35961772000.00,31057307.00,4253000000.00,1582517977.00,2466260749.00,33495511251.00
EBAY,eBay Inc.,1,44216696399.00,1765543.00,2941000000.00,16272312.00,72422574.00,44144273825.00
ECL,Ecolab Inc.,7,38460272282.00,18836410.00,2848600000.00,776908765.00,2406539742.00,36053732540.00
EIX,Edison Int'l,9,19447670886.00,17381497.00,4284000000.00,49917680.00,1009343531.00,18438327355.00
EW,Edwards Lifesciences,5,27447099863.00,10945238.00,1156700000.00,361294535.00,1354801560.00,26092298303.00
EA,Electronic Arts,1,37890226992.00,10376386.00,1560000000.00,783150.00,1209264024.00,36680962968.00
EMR,Emerson Electric Company,3,44040298425.00,6062160.00,2542000000.00,360463020.00,402527424.00,43637771001.00
ETR,Entergy Corp.,9,13116894887.00,22045559.00,880700000.00,400108221.00,1587721159.00,11529173728.00
EVHC,Envision Healthcare,5,4212729247.00,1554830.00,827200000.00,23301080.00,54947692.00,4157781555.00
EOG,EOG Resources,9,61164030149.00,811797.00,3692749000.00,1794287941.00,82023969.00,61082006180.00
EQT,EQT Corporation,9,12638828950.00,2340340.00,1518305000.00,398072520.00,108240725.00,12530588225.00
EFX,Equifax Inc.,3,14121334618.00,24201787.00,1141200000.00,82429149.00,2759003718.00,11362330900.00
EQIX,Equinix,4,33333813618.00,31468543.00,1687152000.00,35300379.00,12901473259.00,20432340359.00
EQR,Equity Residential,4,20925508143.00,5117830.00,1710686000.00,31744060.00,282811286.00,20642696857.00
EL,Estee Lauder Cos.,6,49543264457.00,11656723.00,2478000000.00,248421404.00,1532392806.00,48010871651.00
ES,Eversource Energy,9,18027633617.00,9115565.00,2738713000.00,508516264.00,511474352.00,17516159265.00
EXC,Exelon Corp.,9,34734816899.00,3049993.00,8548000000.00,830834829.00,109738748.00,34625078151.00
EXPE,Expedia Inc.,8,19722178609.00,7185682.00,1481458000.00,7324294.00,884054457.00,18838124153.00
EXPD,Expeditors International,3,11040678071.00,5639335.00,721643000.00,150054712.00,340390261.00,10700287810.00
ESRX,Express Scripts,5,42449656350.00,36880271.00,7309300000.00,3638340424.00,2705167878.00,39744488472.00
EXR,Extra Space Storage,4,10133547517.00,12498631.00,717468000.00,266719325.00,969393820.00,9164153697.00
XOM,Exxon Mobil Corp.,9,326149000000.00,6692167.00,39052000000.00,14953770319.00,509073144.00,325640000000.00
FFIV,F5 Networks,1,8744185796.00,42126238.00,629940000.00,67927908.00,5781826166.00,2962359631.00
FB,"Facebook, Inc.",1,523423000000.00,33147534.00,23624000000.00,4786951887.00,5687453884.00,517736000000.00
FAST,Fastenal Co,3,15311373377.00,3879404.00,1009600000.00,449388079.00,202310919.00,15109062458.00
FRT,Federal Realty Investment Trust,4,8077368506.00,20620436.00,540767000.00,82036226.00,2229275336.00,5848093170.00
FDX,FedEx Corporation,3,67280478816.00,136180920.00,8062000000.00,2483555211.00,32584008728.00,34696470088.00
FIS,Fidelity National Information Services,1,32308459680.00,7224312.00,2782000000.00,796952564.00,669982695.00,31638476985.00
FITB,Fifth Third Bancorp,2,22437653700.00,5244675.00,6556340831.00,560598446.00,163109393.00,22274544308.00
FISV,Fiserv Inc,1,26918949723.00,20162042.00,1911000000.00,230431599.00,2682559688.00,24236390035.00
FLIR,FLIR Systems,1,6706992926.00,2201982.00,375267000.00,132300335.00,102304084.00,6604688842.00
FLS,Flowserve Corporation,3,5427884956.00,1746977.00,463066000.00,160403843.00,71311601.00,5356573355.00
FLR,Fluor Corp.,3,7978485059.00,5531000.00,709756000.00,81110888.00,305919610.00,7672565449.00
FMC,FMC Corporation,7,11273961835.00,3884150.00,557800000.00,10321664.00,314111211.00,10959850625.00
FL,Foot Locker Inc,8,5819080328.00,23712716.00,957000000.00,322465679.00,1087939410.00,4731140918.00
F,Ford Motor,8,42414328338.00,3364516.00,9281000000.00,1114343601.00,35091902.00,42379236436.00
FTV,Fortive Corp,3,24916503061.00,6789796.00,1508300000.00,513710329.00,469446495.00,24447056566.00
FBHS,Fortune Brands Home & Security,3,9624169008.00,9364460.00,814500000.00,223119428.00,584716882.00,9039452126.00
BEN,Franklin Resources,2,21759187973.00,8997632.00,2711300000.00,902815291.00,341910016.00,21417277957.00
FCX,Freeport-McMoRan Inc.,7,25853969330.00,1450470.00,5347000000.00,1634694655.00,24890065.00,25829079265.00
GPS,Gap Inc.,8,12684517721.00,3431746.00,1959000000.00,180930038.00,106967523.00,12577550198.00
GRMN,Garmin Ltd.,8,11840331607.00,7745629.00,736798000.00,106896061.00,473490301.00,11366841306.00
IT,Gartner Inc,1,10828314389.00,7160624.00,234935000.00,7493946.00,818172898.00,10010141491.00
GD,General Dynamics,3,64180390701.00,95015814.00,4618000000.00,127391707.00,19578008475.00,44602382226.00
GGP,General Growth Properties Inc.,4,21018887283.00,2090245.00,1740540000.00,625314896.00,45191097.00,20973696186.00
GIS,General Mills,6,31098243069.00,8531221.00,3107600000.00,968919085.00,460600622.00,30637642447.00
GM,General Motors,8,61536606173.00,37158055.00,23541000000.00,2152627929.00,1514190741.00,60022415432.00
GPC,Genuine Parts,8,14554321748.00,20927067.00,1201517000.00,481799779.00,2015485823.00,12538835925.00
GILD,Gilead Sciences,5,108107000000.00,95378554.00,17590000000.00,4355545509.00,7460510494.00,100646000000.00
GPN,Global Payments Inc.,1,16920023264.00,5704673.00,960345000.00,364950542.00,573833057.00,16346190207.00
GS,Goldman Sachs Group,2,96978500251.00,170504301.00,2619722658.00,2091807556.00,42003734551.00,54974765700.00
GT,Goodyear Tire & Rubber,8,8244568238.00,14693044.00,2044000000.00,235598961.00,451811103.00,7792757135.00
HAL,Halliburton Co.,9,43356557470.00,646611.00,2910000000.00,653594658.00,30655828.00,43325901642.00
HBI,Hanesbrands Inc,8,8006268615.00,2748376.00,926153000.00,392088680.00,53785718.00,7952482897.00
HOG,Harley-Davidson,8,8158949890.00,10340818.00,1058817000.00,463334515.00,491602488.00,7667347402.00
HRS,Harris Corporation,1,18140726600.00,25162669.00,1368000000.00,509803292.00,3770374323.00,14370352277.00
HIG,Hartford Financial Svc.Gp.,2,19926305632.00,8443640.00,8761429905.00,1385969381.00,450383758.00,19475921874.00
HAS,Hasbro Inc.,8,12732072001.00,20356014.00,1028425000.00,106332950.00,1963948231.00,10768123770.00
HCA,HCA Holdings,5,34449052800.00,40516119.00,8202000000.00,3123515696.00,3888331940.00,30560720860.00
HCP,HCP Inc.,4,10967755538.00,2739873.00,1412684000.00,72151482.00,62030725.00,10905724813.00
HP,Helmerich & Payne,9,7345243806.00,1428068.00,483673000.00,41315632.00,92638771.00,7252605035.00
HSIC,Henry Schein,5,11452961984.00,11064736.00,1033985000.00,224584587.00,783936546.00,10669025438.00
HPE,Hewlett Packard Enterprise,1,24800859640.00,272982.00,3683000000.00,193268904.00,4105649.00,24796753991.00
HLT,Hilton Worldwide Holdings Inc,8,26242415796.00,2267792.00,2815000000.00,657741832.00,178384519.00,26064031277.00
HOLX,Hologic,5,11181493750.00,5332223.00,1561000000.00,632807541.00,206890252.00,10974603498.00
HD,Home Depot,8,223379000000.00,41661253.00,16513000000.00,712371074.00,7549852269.00,215829000000.00
HON,Honeywell Int'l Inc.,3,114422000000.00,14686731.00,8333000000.00,2345118497.00,2144556461.00,112278000000.00
HRL,Hormel Foods Corp.,6,17338613096.00,2480123.00,1422305000.00,320467573.00,79884762.00,17258728334.00
HST,Host Hotels & Resorts,4,14394715334.00,1703028.00,1547000000.00,345268808.00,31931775.00,14362783559.00
HPQ,HP Inc.,1,34895294088.00,2459056.00,3700000000.00,1301223885.00,48984396.00,34846309692.00
HUM,Humana Inc.,5,36973617235.00,47575802.00,1448232633.00,147533129.00,12482463171.00,24491154064.00
HBAN,Huntington Bancshares,2,16766497291.00,979883.00,6163861954.00,778093435.00,14796233.00,16751701058.00
IDXX,IDEXX Laboratories,5,15422885020.00,9290334.00,478307000.00,135776375.00,1572667740.00,13850217280.00
INFO,IHS Markit Ltd.,3,17969275816.00,1669721.00,1018900000.00,428856979.00,73016899.00,17896258917.00
ITW,Illinois Tool Works,3,55994378108.00,32129086.00,3924000000.00,833117189.00,5016956779.00,50977421329.00
ILMN,Illumina Inc,5,32295200000.00,19730848.00,1192000000.00,576620619.00,4134401890.00,28160798110.00
IR,Ingersoll-Rand PLC,3,22785450609.00,22917028.00,1987100000.00,37909452.00,2007531653.00,20777918956.00
INTC,Intel Corp.,1,211536000000.00,6870536.00,26247000000.00,2782829551.00,293715414.00,211242000000.00
ICE,Intercontinental Exchange,2,41373051167.00,6918954.00,3103000000.00,608694550.00,463569918.00,40909481249.00
IBM,International Business Machines,1,142433000000.00,84514986.00,16557000000.00,6056327158.00,12473566784.00,129959000000.00
IP,International Paper,7,24465996443.00,18503340.00,3004000000.00,1490616244.00,1037112207.00,23428884236.00
IPG,Interpublic Group,8,8277363031.00,2056701.00,1074900000.00,23909916.00,43889999.00,8233473032.00
IFF,Intl Flavors & Fragrances,7,11270040447.00,28833264.00,699963000.00,194972254.00,3978990432.00,7291050015.00
INTU,Intuit Inc.,1,41233771565.00,14023445.00,1654000000.00,58658092.00,2142081224.00,39091690341.00
ISRG,Intuitive Surgical Inc.,5,44866621303.00,44569841.00,1153700000.00,185698679.00,17019885183.00,27846736120.00
IVZ,Invesco Ltd.,2,13620847614.00,7368222.00,1606200000.00,319579430.00,235193646.00,13385653968.00
IQV,IQVIA Holdings Inc.,5,20426488713.00,3329108.00,1542000000.00,619632858.00,317030955.00,20109457758.00
IRM,Iron Mountain Incorporated,4,9410249279.00,956693.00,1116140000.00,323327377.00,30681145.00,9379568134.00
JBHT,J. B. Hunt Transport Services,3,12945366350.00,23209468.00,1007309000.00,143321383.00,2664679021.00,10280687329.00
JEC,Jacobs Engineering Group,3,9326484316.00,7848463.00,409832000.00,37649279.00,493040446.00,8833443870.00
SJM,JM Smucker,6,13612394896.00,39328143.00,1411300000.00,396300977.00,4655272287.00,8957122609.00
JNJ,Johnson & Johnson,5,353062000000.00,2846932.00,22430000000.00,1317030009.00,359738328.00,352703000000.00
JCI,Johnson Controls International,3,34822224800.00,4464321.00,4295000000.00,1490840271.00,163170933.00,34659053867.00
JPM,JPMorgan Chase & Co.,2,386614000000.00,44046922.00,8091548922.00,5279225991.00,4751781945.00,381862000000.00
JNPR,Juniper Networks,1,9267350000.00,1365138.00,1115500000.00,115168104.00,33664303.00,9233685697.00
KSU,Kansas City Southern,3,11037040988.00,47895697.00,1295400000.00,501713018.00,4958641510.00,6078399478.00
K,Kellogg Co.,6,22182794875.00,7797636.00,1827000000.00,733147102.00,514488023.00,21668306852.00
KEY,KeyCorp,2,22589744920.00,1534079.00,6471819932.00,4189235545.00,30804306.00,22558940614.00
KMB,Kimberly-Clark,6,39449596000.00,39929331.00,4033000000.00,1654352344.00,4459706979.00,34989889021.00
KIM,Kimco Realty,4,6180487499.00,1207759.00,701190000.00,247192225.00,16920704.00,6163566795.00
KMI,Kinder Morgan,9,38612712234.00,6701.00,5981000000.00,360806488.00,112577.00,38612599657.00
KLAC,KLA-Tencor Corp.,1,16078622033.00,34925570.00,1506642000.00,202413227.00,3441565668.00,12637056365.00
KSS,Kohl's Corp.,8,10570861198.00,11758951.00,2286000000.00,497874107.00,709535103.00,9861326095.00
KHC,Kraft Heinz Co,6,89618309338.00,10001979.00,7832000000.00,276817364.00,715941657.00,88902367681.00
KR,Kroger Co.,6,25471355847.00,4324292.00,5342000000.00,422980545.00,119220730.00,25352135117.00
LB,L Brands Inc.,8,13862042842.00,14888379.00,2329000000.00,446186752.00,711217865.00,13150824977.00
LLL,L-3 Communications Holdings,3,16229343134.00,73107299.00,1137000000.00,272159186.00,14532999968.00,1696343166.00
LH,Laboratory Corp. of America Holding,5,17271388000.00,65291130.00,1861200000.00,897568899.00,10803070370.00,6468317630.00
LRCX,Lam Research,1,27967534829.00,91820786.00,2967218000.00,1375644576.00,14896086113.00,13071448716.00
LEG,Leggett & Platt,8,6034600480.00,6790403.00,447000000.00,96666344.00,298709828.00,5735890652.00
LEN,Lennar Corp.,8,14615967194.00,13015752.00,1405319000.00,14575610.00,769361101.00,13846606093.00
LUK,Leucadia National Corp.,2,8910389431.00,511618.00,2201336000.00,218301393.00,12207205.00,8898182226.00
LLY,Lilly (Eli) & Co.,5,84475986228.00,855940.00,3459800000.00,1695784677.00,63519307.00,84412466921.00
LNC,Lincoln National,2,17123031000.00,71914268.00,3918777977.00,262437983.00,5311587834.00,11811443166.00
LKQ,LKQ Corporation,8,12469931896.00,2730211.00,1065614000.00,255825809.00,106096000.00,12363835897.00
LMT,Lockheed Martin Corp.,3,98102120000.00,94039086.00,7115000000.00,795904339.00,31437266450.00,66664853550.00
L,Loews Corp.,2,16111166935.00,5558255.00,7685123302.00,7174585995.00,255957643.00,15855209292.00
LOW,Lowe's Cos.,8,82909678852.00,13771873.00,7858000000.00,1130453427.00,1308465654.00,81601213198.00
LYB,LyondellBasell,7,43556650000.00,125210386.00,6851000000.00,1245799219.00,13246006735.00,30310643265.00
MTB,M&T Bank Corp.,2,27840827434.00,81959889.00,353960562.00,218919680.00,14617546203.00,13223281231.00
MAC,Macerich,4,8473119166.00,13516192.00,503183000.00,206722874.00,788804965.00,7684314201.00
M,Macy's Inc.,8,7541063495.00,6195567.00,2446000000.00,270634510.00,148693608.00,7392369887.00
MRO,Marathon Oil Corp.,9,13875005314.00,1298500.00,2266000000.00,910532920.00,20360480.00,13854644834.00
MPC,Marathon Petroleum,9,31633740000.00,26781538.00,5978000000.00,2448580087.00,1681612771.00,29952127229.00
MAR,Marriott Int'l.,8,50910130358.00,10921467.00,2620000000.00,558320335.00,1462166002.00,49447964356.00
MMC,Marsh & McLennan,2,41819440000.00,11251592.00,3236000000.00,311724865.00,892363762.00,40927076238.00
MLM,Martin Marietta Materials,7,13756812736.00,45484681.00,975223000.00,2668024.00,9479917214.00,4276895522.00
MAS,Masco Corp.,3,13428792315.00,2704747.00,1179000000.00,431109713.00,110083203.00,13318709112.00
MA,Mastercard Inc.,1,187102000000.00,16755159.00,7113000000.00,3226699246.00,2691213639.00,184411000000.00
MKC,McCormick & Co.,6,13459353253.00,15812330.00,815700000.00,353733912.00,1602737769.00,11856615484.00
MCD,McDonald's Corp.,8,132102000000.00,42427579.00,10515400000.00,5201878390.00,6744712234.00,125357000000.00
MDT,Medtronic plc,5,110107000000.00,13293322.00,9204000000.00,1614272942.00,1041930578.00,109065000000.00
MRK,Merck & Co.,5,152242000000.00,5572509.00,8715000000.00,4257992456.00,304983418.00,151937000000.00
MET,MetLife Inc.,2,48679364276.00,3274225.00,2845903021.00,197408234.00,144982683.00,48534381593.00
MGM,MGM Resorts International,8,19633674337.00,2169309.00,2680385000.00,1301854488.00,72671852.00,19561002486.00
KORS,Michael Kors Holdings,8,10053919023.00,13904780.00,456600000.00,83500313.00,834703943.00,9219215080.00
MCHP,Microchip Technology,1,19393095636.00,2422324.00,997492000.00,411208939.00,193543688.00,19199551948.00
MU,Micron Technology,1,48576791974.00,19356271.00,12541000000.00,2988699911.00,774250840.00,47802541134.00
MSFT,Microsoft Corp.,1,689978000000.00,9801231.00,41079000000.00,9793504073.00,833202647.00,689145000000.00
MAA,Mid-America Apartments,4,9992628990.00,16982990.00,871483000.00,204733175.00,1450177516.00,8542451474.00
TAP,Molson Coors Brewing Company,6,12396862128.00,39111421.00,4708400000.00,1086344761.00,2914191979.00,9482670149.00
MDLZ,Mondelez International,6,65827817742.00,4106741.00,4355000000.00,2010099634.00,175275706.00,65652542036.00
MON,Monsanto Co.,7,53076824328.00,28152216.00,4217000000.00,205812603.00,3352365881.00,49724458447.00
MNST,Monster Beverage,6,36403831015.00,1749303.00,1229478000.00,101054695.00,108439293.00,36295391722.00
MCO,Moody's Corp,2,30189978000.00,7735932.00,1238000000.00,462448373.00,1176944694.00,29013033306.00
MS,Morgan Stanley,2,97535400000.00,11246037.00,7414277587.00,548644170.00,582432256.00,96952967744.00
MSI,Motorola Solutions Inc.,1,16626039679.00,5603741.00,1629000000.00,629832499.00,553313386.00,16072726293.00
MYL,Mylan N.V.,5,21698849265.00,4371557.00,3113300000.00,774920442.00,171583612.00,21527265653.00
NDAQ,"Nasdaq, Inc.",2,12844304115.00,18273746.00,1212000000.00,124443841.00,1374368437.00,11469935678.00
NOV,National Oilwell Varco Inc.,9,12940096785.00,2688148.00,353000000.00,77467265.00,87741151.00,12852355634.00
NAVI,Navient,2,3692691330.00,1787540.00,1376413402.00,730477799.00,23917285.00,3668774045.00
NTAP,NetApp,1,15375210915.00,3873123.00,1075000000.00,356477066.00,216313920.00,15158896995.00
NFLX,Netflix Inc.,1,114805000000.00,1562500.00,809028000.00,361442065.00,390781250.00,114415000000.00
NWL,Newell Brands,8,14438346000.00,3359537.00,2021400000.00,957893441.00,93764678.00,14344581322.00
NFX,Newfield Exploration Co,9,5695123080.00,13069360.00,896000000.00,338841670.00,344769717.00,5350353363.00
NEM,Newmont Mining Corporation,7,19749449484.00,1640084.00,1509000000.00,695044355.00,60043475.00,19689406009.00
NWSA,News Corp. Class A,8,9356906461.00,460824.00,679000000.00,208638402.00,7211896.00,9349694565.00
NWS,News Corp. Class B,8,9496735699.00,460777.00,679000000.00,51160717.00,7303315.00,9489432384.00
NEE,NextEra Energy,9,69661177770.00,76436633.00,9018000000.00,2885178521.00,11105478409.00,58555699361.00
NLSN,Nielsen Holdings,3,13377670080.00,2515804.00,1836000000.00,223610611.00,85285756.00,13292384324.00
NKE,Nike,8,106776000000.00,6299193.00,5162000000.00,2441412813.00,393636571.00,106382000000.00
NI,NiSource Inc.,9,7776566371.00,1173235.00,1448600000.00,426629750.00,26409520.00,7750156851.00
JWN,Nordstrom,8,8212509855.00,6343391.00,1448000000.00,691356230.00,299598357.00,7912911498.00
NSC,Norfolk Southern Corp.,3,40543547441.00,124162213.00,4737000000.00,852514744.00,16996565338.00,23546982103.00
NTRS,Northern Trust Corp.,2,22908130223.00,23712625.00,6807397786.00,1771040964.00,2281154525.00,20626975698.00
NOC,Northrop Grumman Corp.,3,58782413951.00,152311258.00,3884000000.00,117864338.00,49350370705.00,9432043246.00
NCLH,Norwegian Cruise Line,8,13191507318.00,10143831.00,1529401000.00,101786781.00,568155974.00,12623351344.00
NRG,NRG Energy,9,8030036023.00,3010124.00,1774000000.00,455661577.00,72242976.00,7957793047.00
NUE,Nucor Corp.,7,20003317128.00,14553674.00,2648729000.00,1007090693.00,878750836.00,19124566292.00
NVDA,Nvidia Corporation,1,138653000000.00,6810750.00,3098000000.00,285400539.00,1481474340.00,137171000000.00
OXY,Occidental Petroleum,9,53467692395.00,262498.00,5205000000.00,2203612568.00,17973238.00,53449719157.00
OMC,Omnicom Group,8,17377551986.00,23811978.00,2366000000.00,221454602.00,1807567250.00,15569984736.00
OKE,ONEOK,9,21988472489.00,2656000.00,1851783000.00,858122784.00,144486400.00,21843986089.00
ORCL,Oracle Corp.,1,202302000000.00,5478363.00,16545000000.00,7025436065.00,256606523.00,202046000000.00
PCAR,PACCAR Inc.,3,24152102921.00,20238868.00,3619200000.00,487561757.00,1355599379.00,22796503542.00
PKG,Packaging Corporation of America,7,11051273948.00,42621782.00,1214900000.00,447841603.00,4771508495.00,6279765453.00
PH,Parker-Hannifin,3,24421668509.00,58493167.00,2092089000.00,609993777.00,10207642573.00,14214025936.00
PDCO,Patterson Companies,5,3209792400.00,4188982.00,359644000.00,19901115.00,137733728.00,3072058672.00
PAYX,Paychex Inc.,1,23253666810.00,5085617.00,1414900000.00,210652455.00,314596268.00,22939070542.00
PYPL,PayPal,1,90708000000.00,2146384.00,2932000000.00,61935145.00,155226491.00,90552773509.00
PNR,Pentair Ltd.,3,12466660892.00,12811652.00,863700000.00,189993655.00,854152839.00,11612508053.00
PBCT,People's United Financial,2,6527616000.00,999068.00,2378747895.00,337165963.00,18542702.00,6509073298.00
PEP,PepsiCo Inc.,6,161413000000.00,22327011.00,12843000000.00,5919863428.00,2459320262.00,158954000000.00
PKI,PerkinElmer,5,8351767268.00,7708201.00,445658000.00,36212561.00,555452964.00,7796314304.00
PFE,Pfizer Inc.,5,208506000000.00,9301915.00,20569000000.00,9740954757.00,312823402.00,208193000000.00
PCG,PG&E Corp.,9,20309412381.00,12149394.00,6471000000.00,1380741155.00,464592827.00,19844819554.00
PM,Philip Morris International,6,153581000000.00,20113918.00,11802000000.00,5884718296.00,2019236228.00,151561000000.00
PSX,Phillips 66,9,47996220000.00,43483145.00,5311000000.00,977235527.00,4019581924.00,43976638076.00
PNW,Pinnacle West Capital,9,8397609889.00,18284122.00,1614399000.00,595554789.00,1359241629.00,7038368260.00
PXD,Pioneer Natural Resources,9,29983119693.00,4847852.00,1717000000.00,331434312.00,820062644.00,29163057049.00
PNC,PNC Financial Services,2,73315000000.00,88521481.00,7878492461.00,5583532760.00,13223338832.00,60091661168.00
RL,Polo Ralph Lauren Corp.,8,8753430477.00,6796550.00,506100000.00,79495568.00,688626446.00,8064804031.00
PPG,PPG Industries,7,29043337549.00,37159263.00,2585000000.00,556172160.00,4098666709.00,24944670840.00
PPL,PPL Corp.,9,20839814845.00,6419392.00,3937000000.00,1763745079.00,189500452.00,20650314393.00
PX,Praxair Inc.,7,42948664203.00,25269281.00,3632000000.00,1089609713.00,3640545314.00,39308118889.00
PFG,Principal Financial Group,2,18457199721.00,22718227.00,6293027410.00,5961601629.00,1371726546.00,17085473175.00
PG,Procter & Gamble,6,206319000000.00,21956598.00,17249000000.00,4490862577.00,1761358292.00,204558000000.00
PGR,Progressive Corp.,2,31062780000.00,6715853.00,1327745666.00,668179257.00,342978613.00,30719801387.00
PLD,Prologis,4,31953288000.00,8597775.00,2969194000.00,185085144.00,501508216.00,31451779784.00
PRU,Prudential Financial,2,47136080000.00,100689429.00,6870855488.00,4793068237.00,10409273170.00,36726806830.00
PEG,Public Serv. Enterprise Inc.,9,24138050331.00,5076195.00,3613000000.00,756996853.00,237210592.00,23900839739.00
PSA,Public Storage,4,32258539942.00,67497908.00,1924803000.00,490295415.00,12182697415.00,20075842527.00
PHM,Pulte Homes Inc.,8,8792572352.00,3210327.00,992811000.00,208602543.00,92040075.00,8700532277.00
PVH,PVH Corp.,8,11478625926.00,46041163.00,1057500000.00,521377463.00,6569153137.00,4909472789.00
QRVO,Qorvo,1,9877885146.00,506875.00,806875000.00,298767733.00,38953344.00,9838931802.00
QCOM,QUALCOMM Inc.,1,96282828902.00,6238219.00,4191000000.00,1874956294.00,389389630.00,95893439272.00
PWR,Quanta Services Inc.,3,5330131216.00,2445428.00,649404000.00,14605764.00,81946292.00,5248184924.00
DGX,Quest Diagnostics,5,13578300000.00,31066784.00,1453000000.00,681884573.00,2995459313.00,10582840687.00
RRC,Range Resources Corp.,9,3255587970.00,1004431.00,820095000.00,372651385.00,12876805.00,3242711165.00
RJF,Raymond James Financial Inc.,2,13216271700.00,20930767.00,6283131093.00,287587195.00,1801301808.00,11414969892.00
RTN,Raytheon Co.,3,59066255840.00,53578084.00,3868000000.00,130167578.00,10648108414.00,48418147426.00
O,Realty Income Corporation,4,13784942453.00,3427748.00,1075568000.00,276366912.00,163023695.00,13621918758.00
RHT,Red Hat Inc.,1,22799923883.00,2620926.00,541809000.00,197330867.00,326698426.00,22473225457.00
REG,Regency Centers Corporation,4,9858367494.00,5204938.00,487636000.00,44455169.00,289290454.00,9569077040.00
REGN,Regeneron,5,35950369241.00,89404898.00,2043160000.00,424067375.00,28843808193.00,7106561048.00
RF,Regions Financial Corp.,2,21500640000.00,1000000.00,4911145064.00,601750384.00,17900000.00,21482740000.00
RSG,Republic Services Inc,3,21590903863.00,4248542.00,2734000000.00,425519804.00,266468554.00,21324435309.00
RMD,ResMed,5,13233622689.00,6820438.00,636942000.00,84276589.00,608792296.00,12624830393.00
RHI,Robert Half International,3,7047165475.00,6008087.00,565196000.00,56740457.00,313982627.00,6733182848.00
ROK,Rockwell Automation Inc.,3,24123216432.00,42860102.00,1323200000.00,299784724.00,7660386030.00,16462830402.00
COL,Rockwell Collins,3,22197870556.00,28707402.00,1696000000.00,762770041.00,3826983761.00,18370886795.00
ROP,Roper Technologies,3,27247789759.00,88254334.00,1555209000.00,371944691.00,22893174240.00,4354615519.00
ROST,Ross Stores,8,29803566306.00,8009796.00,2247009000.00,10998127.00,601215288.00,29202351018.00
RCL,Royal Caribbean Cruises Ltd,8,27418147452.00,56706550.00,2876309000.00,586599402.00,6943717048.00,20474430405.00
SPGI,"S&P Global, Inc.",2,46585950000.00,50321932.00,3021000000.00,649201274.00,8721294035.00,37864655965.00
CRM,Salesforce.com,1,79489115000.00,54000.00,925804000.00,348088365.00,5617620.00,79483497380.00
SBAC,SBA Communications,4,19572031314.00,496006.00,1074240000.00,107705465.00,79286559.00,19492744755.00
SCG,SCANA Corp,9,5229448882.00,16925257.00,1459000000.00,423750028.00,602539149.00,4626909733.00
SLB,Schlumberger Ltd.,9,96529311126.00,1620120.00,3222000000.00,1006463624.00,109196088.00,96420115038.00
SNI,Scripps Networks Interactive Inc.,8,11328642413.00,27921621.00,1351059000.00,468680793.00,2414103352.00,8914539061.00
STX,Seagate Technology,1,14113197720.00,10633814.00,1811000000.00,785898346.00,504468136.00,13608729584.00
SEE,Sealed Air,7,8001938397.00,4920000.00,969700000.00,179640990.00,209690400.00,7792247997.00
SRE,Sempra Energy,9,26163862235.00,29431139.00,3763000000.00,847709664.00,3042002527.00,23121859708.00
SIG,Signet Jewelers,8,3034275549.00,52201714.00,852700000.00,40810374.00,2577720637.00,456554912.00
SPG,Simon Property Group Inc,4,48139839531.00,70141962.00,4411515000.00,432765923.00,10674203777.00,37465635754.00
SWKS,Skyworks Solutions,1,18493080922.00,32571818.00,1122900000.00,368306265.00,3225912855.00,15267168067.00
SLG,SL Green Realty,4,8617714345.00,5667150.00,795889000.00,379307698.00,513500462.00,8104213884.00
SO,Southern Co.,9,43497224128.00,6958302.00,6012000000.00,162270103.00,301990307.00,43195233821.00
LUV,Southwest Airlines,3,34351211637.00,20375494.00,4533000000.00,1301832479.00,1133488731.00,33217722906.00
SWK,Stanley Black & Decker,8,24496399600.00,59821245.00,2264600000.00,744259741.00,9144275511.00,15352124089.00
SBUX,Starbucks Corp.,8,76548976000.00,4077248.00,7361500000.00,1313941825.00,219233625.00,76329742375.00
STT,State Street Corp.,2,38059113300.00,33574215.00,4882071398.00,4505319327.00,3308403146.00,34750710154.00
SRCL,Stericycle Inc,3,6218560288.00,9024846.00,305085000.00,117352486.00,636702885.00,5581857403.00
SYK,Stryker Corp.,5,57509096756.00,16908218.00,2863000000.00,751779261.00,2502585346.00,55006511410.00
STI,SunTrust Banks,2,32498948310.00,18140554.00,2375768715.00,1784812528.00,1193648453.00,31305299857.00
SYMC,Symantec Corp.,1,16520497264.00,110498.00,1227000000.00,504792221.00,2827644.00,16517669620.00
SYF,Synchrony Financial,2,28893750000.00,6314742.00,9668696148.00,2736961371.00,220889675.00,28672860325.00
SNPS,Synopsys Inc.,1,12767067883.00,1061421.00,579844000.00,9633596.00,87694603.00,12679373280.00
SYY,Sysco Corp.,6,30445320778.00,5159269.00,2988725000.00,984022479.00,294078333.00,30151242445.00
TROW,T. Rowe Price Group,2,25810865035.00,24319905.00,2281400000.00,670012196.00,2480387111.00,23330477924.00
TGT,Target Corp.,8,39816696539.00,23603108.00,7105000000.00,151092299.00,1678417010.00,38138279529.00
TEL,TE Connectivity Ltd.,1,34983666316.00,22754650.00,2797000000.00,975554675.00,2167835506.00,32815830811.00
TXN,Texas Instruments,1,100263000000.00,14618545.00,7013000000.00,3365291849.00,1427647105.00,98834879365.00
TXT,Textron Inc.,3,15254672353.00,2861075.00,1454000000.00,526605349.00,158904106.00,15095768248.00
BK,The Bank of New York Mellon Corp.,2,56083904906.00,13466917.00,1000463290.00,723489107.00,717652007.00,55366252899.00
CLX,The Clorox Company,6,16540418002.00,29051229.00,1295000000.00,565620176.00,3711585017.00,12828832985.00
HSY,The Hershey Company,6,20867272020.00,17425597.00,1404123000.00,422195391.00,1701609547.00,19165662473.00
MOS,The Mosaic Company,7,9726962131.00,866885.00,1165100000.00,382968464.00,20917935.00,9706044196.00
TRV,The Travelers Companies Inc.,2,38903131815.00,59886110.00,8878935849.00,4239703189.00,8085223711.00,30817908104.00
DIS,The Walt Disney Company,8,157817000000.00,32491282.00,12544000000.00,4735647166.00,3292991431.00,154524000000.00
TMO,Thermo Fisher Scientific,5,83226586345.00,50956410.00,4751300000.00,177148008.00,10126567359.00,73100018986.00
TIF,Tiffany & Co.,8,12810515320.00,13098185.00,949500000.00,28908186.00,1304841190.00,11505674130.00
TWX,Time Warner Inc.,8,74185800000.00,40116769.00,7671000000.00,1307135318.00,3731661852.00,70454138148.00
TJX,TJX Companies Inc.,8,48181450881.00,12245864.00,4600216000.00,898555734.00,910602447.00,47270848434.00
TMK,Torchmark Corp.,2,9614412169.00,21289072.00,2482667271.00,1496566435.00,1714196077.00,7900216092.00
TSS,Total System Services,1,15694951118.00,9922522.00,1097534000.00,118807549.00,805411111.00,14889540007.00
TSCO,Tractor Supply Company,8,8459271203.00,11119162.00,859519000.00,279056291.00,733197542.00,7726073661.00
TRIP,TripAdvisor,8,5700998508.00,558933.00,234000000.00,10857622.00,22385267.00,5678613241.00
FOXA,Twenty-First Century Fox Class A,8,44027094922.00,3085368.00,5280000000.00,1909344831.00,106630318.00,43920464604.00
FOX,Twenty-First Century Fox Class B,8,66135313503.00,3084980.00,5280000000.00,2480538980.00,105166968.00,66030146535.00
TSN,Tyson Foods,6,26957526800.00,25436552.00,2521000000.00,77565564.00,1880269924.00,25077256876.00
USB,U.S. Bancorp,2,90940115897.00,12073485.00,1356935185.00,61603681.00,635668985.00,90304446912.00
UDR,UDR Inc,4,9050154422.00,1998516.00,665141000.00,65806778.00,65791147.00,8984363275.00
ULTA,Ulta Salon Cosmetics & Fragrance Inc,8,13300000127.00,42509099.00,1002093000.00,62694069.00,8888227510.00,4411772617.00
UAA,Under Armour Class A,8,5856913571.00,184493.00,399277000.00,80350942.00,2424238.00,5854489333.00
UA,Under Armour Class C,8,5366628950.00,184477.00,399277000.00,94039951.00,2204500.00,5364424450.00
UNP,Union Pacific,3,101513000000.00,76523445.00,10169000000.00,3397400792.00,9554717343.00,91958573039.00
UAL,United Continental Holdings,3,19363059152.00,50481186.00,5929000000.00,2110575643.00,3198992757.00,16164066395.00
UNH,United Health Group Inc.,5,218835000000.00,107977951.00,17454000000.00,391260928.00,23372907273.00,195462000000.00
UPS,United Parcel Service,3,96436356833.00,33615413.00,7919000000.00,2290898534.00,3673492333.00,92762864500.00
UTX,United Technologies,3,105387000000.00,37727726.00,10584000000.00,1320832097.00,4809530510.00,100578000000.00
UHS,"Universal Health Services, Inc.",5,11116075286.00,53396602.00,1676204000.00,340666614.00,6133667672.00,4982407614.00
UNM,Unum Group,2,11256432318.00,18216386.00,7237744865.00,1301818247.00,872018398.00,10384413920.00
VFC,V.F. Corp.,8,31797645904.00,7753378.00,1624441000.00,420153679.00,610578518.00,31187067387.00
VLO,Valero Energy,9,39312309113.00,42783074.00,5401000000.00,1580180197.00,3712287331.00,35600021782.00
VAR,Varian Medical Systems,5,10692681720.00,10139853.00,500600000.00,94596605.00,1143978215.00,9548703505.00
VTR,Ventas Inc,4,18865999082.00,7756855.00,1935931000.00,170677716.00,394979057.00,18471020025.00
VRSN,Verisign Inc.,1,10754983829.00,12280563.00,767864000.00,196261251.00,1297073064.00,9457910765.00
VRSK,Verisk Analytics,3,15594677147.00,11039043.00,1011200000.00,445068336.00,1018682888.00,14575994259.00
VZ,Verizon Communications,1,208092000000.00,27594373.00,45745000000.00,22258951372.00,1353228052.00,206739000000.00
VRTX,Vertex Pharmaceuticals Inc,5,39369386348.00,623992.00,97562000.00,7526985.00,94597187.00,39274789161.00
VIAB,Viacom Inc.,8,10601008017.00,17636267.00,5600000000.00,1768972502.00,576882294.00,10024125723.00
V,Visa Inc.,1,270039000000.00,9743521.00,13086000000.00,754622677.00,1109397301.00,268929000000.00
VNO,Vornado Realty Trust,4,12778779911.00,17667041.00,8503423328.00,5601352335.00,1169204773.00,11609575138.00
VMC,Vulcan Materials,7,16964162228.00,9206773.00,970976000.00,191653512.00,1118346716.00,15845815512.00
WBA,Walgreens Boots Alliance,6,70862541911.00,19272915.00,7083000000.00,2135582413.00,1314798261.00,69547743650.00
WMT,Wal-Mart Stores,6,304681000000.00,19008130.00,30721000000.00,6449394720.00,1901193163.00,302780000000.00
WM,Waste Management Inc.,,35488486675.00,8298864.00,3896000000.00,1576339795.00,656606119.70,34831880555.00
WAT,Waters Corporation,5,16064078572.00,1367872.00,773932000.00,282610882.70,262344170.90,15801734401.00
WEC,Wec Energy Group Inc,9,18890296993.00,11522994.00,2736500000.00,1003066611.00,685618143.00,18204678850.00
WFC,Wells Fargo,2,281464000000.00,16603682.00,6773578039.00,1749438018.00,919843982.80,280544000000.00
HCN,Welltower Inc.,4,20943679019.00,12058297.00,1908253000.00,697093269.60,659227097.00,20284451922.00
WDC,Western Digital,1,24760297793.00,10138970.00,5169000000.00,2260058057.00,812030107.30,23948267686.00
WU,Western Union Co,1,8951609207.00,943274.00,694600000.00,141539543.90,17742983.94,8933866223.00
WRK,WestRock Company,7,16433340688.00,7256066.00,2262300000.00,599537353.20,442112101.40,15991228587.00
WY,Weyerhaeuser Corp.,4,26070297960.00,754506.00,1365000000.00,430896623.50,25351401.60,26044946558.00
WHR,Whirlpool Corp.,8,12177920000.00,63205140.00,1842000000.00,401021285.20,10425687843.00,1752232157.00
WMB,Williams Cos.,9,24802396470.00,336278.00,3955000000.00,197062990.20,9604099.68,24792792370.00
WLTW,Willis Towers Watson,2,20780269334.00,25053305.00,1440000000.00,219630698.30,3817121550.00,16963147784.00
WYN,Wyndham Worldwide,8,11993835688.00,33456942.00,1232000000.00,147767653.90,3799370334.00,8194465354.00
WYNN,Wynn Resorts Ltd,8,18225400525.00,38822259.00,1501301000.00,321940117.50,6571832004.00,11653568521.00
XEL,Xcel Energy Inc,9,21559611927.00,5170474.00,3885828000.00,1177330139.00,219434916.60,21340177010.00
XRX,Xerox Corp.,1,7938833340.00,1982187.00,1191000000.00,297279578.40,59069172.60,7879764167.00
XLNX,Xilinx Inc,1,17064975551.00,5360147.00,845468000.00,233598730.40,336724434.50,16728251116.00
XL,XL Capital,2,10753423590.00,4637351.00,9988283658.00,6426866407.00,191337102.30,10562086488.00
XYL,Xylem Inc.,3,12915021000.00,4154467.00,722000000.00,202706765.70,291809762.10,12623211238.00
YUM,Yum! Brands Inc,8,27003303098.00,11396000.00,2289000000.00,793813584.20,869514800.00,26133788298.00
ZBH,Zimmer Biomet Holdings,5,24454698119.00,72690314.00,2007400000.00,18407654.11,8397911976.00,16056786143.00
ZION,Zions Bancorp,2,10670678640.00,7436323.00,3309830875.00,1955936377.00,377095939.30,10293582701.00
ZTS,Zoetis,5,35991109776.00,3597302.00,1734000000.00,590653687.90,257243066.00,35733866710.00
